<?xml version="1.0" encoding="UTF-8"?>
<project-private xmlns="http://www.netbeans.org/ns/project-private/1">
    <editor-bookmarks xmlns="http://www.netbeans.org/ns/editor-bookmarks/2" lastBookmarkId="0"/>
    <open-files xmlns="http://www.netbeans.org/ns/projectui-open-files/2">
        <group>
            <file>file:/C:/Users/Bu%20sut/Desktop/MyProject/src/Final/saleEvent.java</file>
            <file>file:/C:/Users/Bu%20sut/Desktop/MyProject/src/Final/twoPlusone.java</file>
            <file>file:/C:/Users/Bu%20sut/Desktop/MyProject/src/Final/User1.java</file>
            <file>file:/C:/Users/Bu%20sut/Desktop/MyProject/src/Final/onePlusone.java</file>
            <file>file:/C:/Users/Bu%20sut/Desktop/MyProject/src/Final/FridayEvent.java</file>
            <file>file:/C:/Users/Bu%20sut/Desktop/MyProject/src/Final/drinkBear.java</file>
            <file>file:/C:/Users/Bu%20sut/Desktop/MyProject/src/Final/drinkCoke.java</file>
            <file>file:/C:/Users/Bu%20sut/Desktop/MyProject/src/Final/drinkSoju.java</file>
            <file>file:/C:/Users/Bu%20sut/Desktop/MyProject/src/Final/twentysale.java</file>
            <file>file:/C:/Users/Bu%20sut/Desktop/MyProject/src/Final/Event.java</file>
            <file>file:/C:/Users/Bu%20sut/Desktop/MyProject/src/Final/deliveryFree.java</file>
            <file>file:/C:/Users/Bu%20sut/Desktop/MyProject/src/Final/tensale.java</file>
        </group>
    </open-files>
</project-private>
